{
  "events": {
    "18076657": {
      "last": 1781289466.8443005,
      "alerted": []
    },
    "17873131|*|flip30": {
      "last": 1781587529.9162204,
      "alerted": []
    },
    "17695229|*|flip30": {
      "last": 1781587529.9162204,
      "alerted": [
        "rrv7ed0"
      ]
    }
  }
}